Year,Total Number of Crabs in Millions (All Ages),Annual
2000,281,57
2001,254,57
2002,315,58
2003,334,55
2004,270,58
2005,400,57
2006,313,60
2007,251,57
2008,293,59
2009,396,57
2010,663,58
2011,452,59
2012,765,60
2013,300,57
2014,297,55
2015,411,57
2016,553,58
2017,455,58
2018,371,59
2019,594,59
2020,405,62
